{"cameraMode":{"drawMode":0,"name":"Shaded","section":"Shading Mode"},"sceneLighting":true,"audioPlay":false,"sceneViewState":{"showFog":true,"showMaterialUpdate":true,"showSkybox":true,"showFlares":true,"showImageEffects":true,"showParticleSystems":true},"in2DMode":false,"pivot":{"x":19.289093017578126,"y":0.8479652404785156,"z":11.214603424072266},"rotation":{"x":-0.2941764295101166,"y":0.0367032028734684,"z":-0.011303884908556939,"w":-0.9550138711929321},"size":43.47163009643555,"orthographic":false}