{"cameraMode":{"drawMode":0,"name":"Shaded","section":"Shading Mode"},"sceneLighting":false,"audioPlay":false,"sceneViewState":{"showFog":true,"showMaterialUpdate":true,"showSkybox":true,"showFlares":true,"showImageEffects":true,"showParticleSystems":true},"in2DMode":false,"pivot":{"x":43.657405853271487,"y":0.32859623432159426,"z":-5.04196834564209},"rotation":{"x":0.180794820189476,"y":0.013273801654577256,"z":-0.0024362467229366304,"w":0.983436644077301},"size":2.690546989440918,"orthographic":false}