{"cameraMode":{"drawMode":0,"name":"Shaded","section":"Shading Mode"},"sceneLighting":false,"audioPlay":false,"sceneViewState":{"showFog":true,"showMaterialUpdate":true,"showSkybox":true,"showFlares":true,"showImageEffects":true,"showParticleSystems":true},"in2DMode":false,"pivot":{"x":0.022851943969726564,"y":-2.508000135421753,"z":-8.903099060058594},"rotation":{"x":0.19036678969860078,"y":-0.37205538153648379,"z":0.07827743887901306,"w":0.9051241874694824},"size":5.7157673835754398,"orthographic":false}