{"cameraMode":{"drawMode":0,"name":"Shaded","section":"Shading Mode"},"sceneLighting":true,"audioPlay":false,"sceneViewState":{"showFog":true,"showMaterialUpdate":true,"showSkybox":true,"showFlares":true,"showImageEffects":true,"showParticleSystems":true},"in2DMode":false,"pivot":{"x":25.983091354370118,"y":-2.426797389984131,"z":6.763267993927002},"rotation":{"x":-0.020897068083286287,"y":-0.8747103810310364,"z":0.4827621281147003,"w":-0.03780543804168701},"size":12.268651008605957,"orthographic":false}