{"cameraMode":{"drawMode":0,"name":"Shaded","section":"Shading Mode"},"sceneLighting":true,"audioPlay":false,"sceneViewState":{"showFog":true,"showMaterialUpdate":true,"showSkybox":true,"showFlares":true,"showImageEffects":true,"showParticleSystems":true},"in2DMode":false,"pivot":{"x":55.61512756347656,"y":12.640645980834961,"z":6.108181476593018},"rotation":{"x":0.1849173754453659,"y":-0.7013872265815735,"z":0.1966344118118286,"w":0.65972501039505},"size":0.47425389289855959,"orthographic":false}