{"cameraMode":{"drawMode":0,"name":"Shaded","section":"Shading Mode"},"sceneLighting":true,"audioPlay":false,"sceneViewState":{"showFog":true,"showMaterialUpdate":true,"showSkybox":true,"showFlares":true,"showImageEffects":true,"showParticleSystems":true},"in2DMode":false,"pivot":{"x":17.26839828491211,"y":0.6684417724609375,"z":-1.1484146118164063},"rotation":{"x":0.45294126868247988,"y":0.06276585906744003,"z":-0.03197101503610611,"w":0.8887885808944702},"size":57.73084259033203,"orthographic":false}