{"cameraMode":{"drawMode":0,"name":"Shaded","section":"Shading Mode"},"sceneLighting":false,"audioPlay":false,"sceneViewState":{"showFog":true,"showMaterialUpdate":true,"showSkybox":true,"showFlares":true,"showImageEffects":true,"showParticleSystems":true},"in2DMode":false,"pivot":{"x":0.07999968528747559,"y":0.0,"z":0.005000114440917969},"rotation":{"x":0.3268328607082367,"y":-0.09757915884256363,"z":0.03395993635058403,"w":0.9394278526306152},"size":20.92833709716797,"orthographic":false}