{"cameraMode":{"drawMode":0,"name":"Shaded","section":"Shading Mode"},"sceneLighting":true,"audioPlay":false,"sceneViewState":{"showFog":true,"showMaterialUpdate":true,"showSkybox":true,"showFlares":true,"showImageEffects":true,"showParticleSystems":true},"in2DMode":false,"pivot":{"x":25.70387077331543,"y":3.6742372512817385,"z":1.3804092407226563},"rotation":{"x":-0.0007541395607404411,"y":-0.984071671962738,"z":0.17786169052124024,"w":-0.0041413260623812679},"size":31.11309814453125,"orthographic":false}