{"cameraMode":{"drawMode":0,"name":"Shaded","section":"Shading Mode"},"sceneLighting":false,"audioPlay":false,"sceneViewState":{"showFog":true,"showMaterialUpdate":true,"showSkybox":true,"showFlares":true,"showImageEffects":true,"showParticleSystems":true},"in2DMode":false,"pivot":{"x":-2.4700000286102297,"y":0.30790001153945925,"z":-2.5460000038146974},"rotation":{"x":0.23476606607437135,"y":-0.05100884288549423,"z":0.012341034598648548,"w":0.9706421494483948},"size":1.2124977111816407,"orthographic":false}